FirstName;LastName;CreditCardNumber;EmailAddress;RoomNumber;From;To
Lenny;Harting;5893-3944-5915-5376;Lenny34@yahoo.com;R-40;2022/02/13 23:07:00;2022/02/15 05:46:18
Lenny;Harting;5893-3944-5915-5376;Lenny34@yahoo.com;R-40;2022/04/09 07:15:48;2022/04/22 23:27:05
Sven;Reumann;6507-6287-6496-9086-7700;Sven_Reumann25@yahoo.com;R-40;2022/06/23 11:51:44;2022/07/02 04:52:38
Lennard;Bruckmann;6526-6282-9699-8064-0332;Lennard_Bruckmann@hotmail.com;R-40;2022/08/04 07:38:34;2022/08/09 17:40:11
Till;Assmus;3047-559661-6357;Till.Assmus47@gmail.com;R-40;2022/10/24 08:31:12;2022/11/04 14:50:38
Ege;Nieklauson;3464-924947-81372;Ege.Nieklauson@gmail.com;R-41;2022/02/21 08:47:37;2022/02/23 07:34:36
Johnny;Frosch;6574-6285-4322-6882-8853;Johnny87@yahoo.com;R-41;2022/04/24 00:43:59;2022/04/27 03:32:20
Hannah;Zahn;6377-4815-5593-7188;Hannah_Zahn5@hotmail.com;R-41;2022/06/12 18:06:04;2022/06/20 13:51:15
Sven;Reumann;6507-6287-6496-9086-7700;Sven_Reumann25@yahoo.com;R-42;2022/02/26 05:55:41;2022/03/08 07:59:05
Aimee;Vogt;6507-6246-9092-7754-2385;Aimee_Vogt41@yahoo.com;R-42;2022/04/11 23:57:37;2022/04/18 12:56:42
Tina;Arens;6771-8916-3348-0179;Tina.Arens19@yahoo.com;R-42;2022/06/23 05:12:47;2022/06/26 17:37:51
Ryan;Schulte;6381-3329-9827-4644;Ryan_Schulte2@hotmail.com;R-43;2022/02/22 17:54:33;2022/03/08 12:32:40
Sven;Reumann;6507-6287-6496-9086-7700;Sven_Reumann25@yahoo.com;R-43;2022/04/05 11:44:05;2022/04/10 07:56:55
Baris;Schultze;6706049612194969466;Baris.Schultze72@hotmail.com;R-43;2022/06/28 20:00:51;2022/07/02 21:40:46
Nila;Abraham;3570-6148-2985-1460;Nila.Abraham@hotmail.com;R-43;2022/08/13 15:29:41;2022/08/15 09:34:56
Romeo;Hanenberger;6011-8357-0155-4845;Romeo94@hotmail.com;R-43;2022/10/29 01:45:50;2022/11/04 20:13:56
Fatima;Huneke;4471386842131;Fatima.Huneke@hotmail.com;R-43;2022/12/29 05:41:48;2023/01/11 15:18:33
Diego;Horna;6767-0342-6036-8260;Diego_Horna@gmail.com;R-43;2023/02/08 20:12:54;2023/02/15 17:38:56
Romeo;Hanenberger;6011-8357-0155-4845;Romeo94@hotmail.com;R-43;2023/04/03 07:12:34;2023/04/10 11:20:40
Johnny;Frosch;6574-6285-4322-6882-8853;Johnny87@yahoo.com;R-44;2022/02/23 09:31:47;2022/02/28 21:42:46
Aimee;Vogt;6507-6246-9092-7754-2385;Aimee_Vogt41@yahoo.com;R-44;2022/04/24 07:38:01;2022/05/03 01:35:20
Jolien;Hardy;4309097829940;Jolien70@hotmail.com;R-44;2022/06/10 04:46:26;2022/06/22 08:08:01
Frederic;Fusenig;5146-5983-8081-7319;Frederic1@gmail.com;R-44;2022/07/31 00:09:33;2022/08/01 10:08:22
Hannah;Zahn;6377-4815-5593-7188;Hannah_Zahn5@hotmail.com;R-45;2022/02/14 08:13:35;2022/02/18 19:20:25
Johnny;Frosch;6574-6285-4322-6882-8853;Johnny87@yahoo.com;R-45;2022/04/03 15:32:46;2022/04/10 14:06:26
Jolien;Hardy;4309097829940;Jolien70@hotmail.com;R-45;2022/06/09 12:12:11;2022/06/13 20:45:40
Johnny;Frosch;6574-6285-4322-6882-8853;Johnny87@yahoo.com;R-45;2022/08/27 15:46:30;2022/08/28 23:50:42
Elisa;Dylus;6440-7085-7180-2381;Elisa39@gmail.com;R-45;2022/10/26 23:20:26;2022/10/30 20:47:27
Meike;Sagonas;6572-9155-9249-0829;Meike.Sagonas56@gmail.com;R-45;2022/12/25 02:10:46;2023/01/06 22:51:09
Angelique;Zimmer;5157-9430-4291-8442;Angelique_Zimmer@yahoo.com;R-46;2022/02/12 22:17:21;2022/02/24 18:31:28
Fatima;Huneke;4471386842131;Fatima.Huneke@hotmail.com;R-46;2022/04/22 14:11:41;2022/05/01 22:38:55
Jano;Gerson;6771-8932-0351-8305;Jano.Gerson16@yahoo.com;R-46;2022/06/10 00:20:01;2022/06/14 16:44:18
Rosa;Thriene;4477-6824-7407-7543;Rosa.Thriene@hotmail.com;R-47;2022/02/01 04:13:52;2022/02/04 16:06:38
Rosa;Thriene;4477-6824-7407-7543;Rosa.Thriene@hotmail.com;R-47;2022/03/30 19:36:00;2022/03/31 23:24:56
Brandon;Stolle;6398-0960-8065-8557;Brandon.Stolle@hotmail.com;R-47;2022/06/29 19:00:25;2022/07/06 10:49:09
Elisa;Dylus;6440-7085-7180-2381;Elisa39@gmail.com;R-47;2022/08/06 15:54:02;2022/08/12 10:55:45
Ege;Nieklauson;3464-924947-81372;Ege.Nieklauson@gmail.com;R-47;2022/10/05 10:46:33;2022/10/08 16:17:45
Jannik;Schouren;6767-1004-1639-9045-330;Jannik53@hotmail.com;R-47;2022/12/08 13:10:10;2022/12/18 10:17:04
Diana;Danner;4881-8328-5069-2205;Diana_Danner@hotmail.com;R-47;2023/02/19 09:10:55;2023/02/26 16:37:57
Tabea;Mohrhard;3542-2627-4572-2988;Tabea41@hotmail.com;R-47;2023/04/15 09:16:48;2023/04/17 23:20:01
Lennard;Bruckmann;6526-6282-9699-8064-0332;Lennard_Bruckmann@hotmail.com;R-47;2023/06/02 15:41:47;2023/06/08 14:32:25
Yusuf;Niedermeier;4002-1328-7654-1690;Yusuf_Niedermeier@yahoo.com;R-47;2023/08/13 19:24:17;2023/08/17 06:21:45
Tina;Arens;6771-8916-3348-0179;Tina.Arens19@yahoo.com;R-48;2022/02/20 00:05:43;2022/03/03 16:26:39
Matti;Filipowski;6771-8998-5137-9916;Matti.Filipowski@gmail.com;R-48;2022/04/06 02:38:27;2022/04/19 17:40:31
Finley;Frantz;6394-0979-2709-5213;Finley.Frantz82@gmail.com;R-48;2022/06/07 11:59:08;2022/06/12 03:40:22
Rosa;Thriene;4477-6824-7407-7543;Rosa.Thriene@hotmail.com;R-48;2022/07/31 20:01:35;2022/08/04 03:14:48
Aimee;Vogt;6507-6246-9092-7754-2385;Aimee_Vogt41@yahoo.com;R-49;2022/02/17 15:55:26;2022/03/02 02:38:11
Tabea;Mohrhard;3542-2627-4572-2988;Tabea41@hotmail.com;R-49;2022/04/19 20:58:45;2022/04/26 22:27:29
Emil;Bräutigam;3606-443840-1998;Emil85@hotmail.com;R-49;2022/06/28 06:48:31;2022/06/29 06:57:24
Frederic;Fusenig;5146-5983-8081-7319;Frederic1@gmail.com;R-49;2022/08/07 18:07:53;2022/08/21 03:10:25
Brandon;Stolle;6398-0960-8065-8557;Brandon.Stolle@hotmail.com;R-49;2022/10/26 18:30:05;2022/11/01 03:42:32
Hauke;Kölotzei;6767-8162-0589-1343;Hauke62@gmail.com;R-49;2022/12/11 17:01:38;2022/12/12 21:59:57
Diana;Danner;4881-8328-5069-2205;Diana_Danner@hotmail.com;R-50;2022/02/05 08:04:46;2022/02/13 23:14:37
Yusuf;Niedermeier;4002-1328-7654-1690;Yusuf_Niedermeier@yahoo.com;R-50;2022/04/17 05:17:30;2022/04/21 11:41:09
Yusuf;Niedermeier;4002-1328-7654-1690;Yusuf_Niedermeier@yahoo.com;R-50;2022/06/10 00:27:43;2022/06/22 11:02:00
Finley;Frantz;6394-0979-2709-5213;Finley.Frantz82@gmail.com;R-50;2022/08/04 22:57:14;2022/08/14 04:41:08
Sally;Deckert;6370-8446-0428-7581;Sally.Deckert13@hotmail.com;R-50;2022/10/09 05:36:54;2022/10/20 02:37:45
Jannik;Schouren;6767-1004-1639-9045-330;Jannik53@hotmail.com;R-50;2022/12/09 11:48:25;2022/12/21 08:36:46
Karlotta;Kleinsteuber;630435784152516397;Karlotta_Kleinsteuber@gmail.com;R-50;2023/02/11 20:00:23;2023/02/19 09:06:28
Hannah;Zahn;6377-4815-5593-7188;Hannah_Zahn5@hotmail.com;R-50;2023/04/13 05:37:08;2023/04/27 01:53:31
Angelique;Zimmer;5157-9430-4291-8442;Angelique_Zimmer@yahoo.com;R-51;2022/02/14 21:49:42;2022/02/21 03:50:19
Meike;Sagonas;6572-9155-9249-0829;Meike.Sagonas56@gmail.com;R-51;2022/04/08 01:37:52;2022/04/19 08:19:55
Adriano;Sielemann;6709100501381957;Adriano11@gmail.com;R-51;2022/06/04 05:46:18;2022/06/05 11:53:11
Tabea;Mohrhard;3542-2627-4572-2988;Tabea41@hotmail.com;R-51;2022/08/09 04:35:38;2022/08/14 08:14:39
Sally;Deckert;6370-8446-0428-7581;Sally.Deckert13@hotmail.com;R-51;2022/10/06 06:30:14;2022/10/18 10:28:00
Frederic;Fusenig;5146-5983-8081-7319;Frederic1@gmail.com;R-51;2022/12/17 07:32:08;2022/12/18 16:30:11
Jannik;Schouren;6767-1004-1639-9045-330;Jannik53@hotmail.com;R-51;2023/02/22 03:37:33;2023/03/02 05:32:42
Tabea;Mohrhard;3542-2627-4572-2988;Tabea41@hotmail.com;R-51;2023/04/18 14:26:30;2023/05/02 07:08:52
Baris;Schultze;6706049612194969466;Baris.Schultze72@hotmail.com;R-51;2023/06/02 11:32:54;2023/06/06 20:15:53
Tabea;Mohrhard;3542-2627-4572-2988;Tabea41@hotmail.com;R-51;2023/08/26 10:52:13;2023/09/01 02:49:46
Karlotta;Kleinsteuber;630435784152516397;Karlotta_Kleinsteuber@gmail.com;R-52;2022/02/22 19:33:47;2022/03/06 14:51:33
Matti;Loy;630420548103670521;Matti_Loy95@yahoo.com;R-52;2022/04/08 21:18:02;2022/04/21 07:33:31
Lennard;Bruckmann;6526-6282-9699-8064-0332;Lennard_Bruckmann@hotmail.com;R-52;2022/06/09 07:15:39;2022/06/11 14:29:48
Brandon;Stolle;6398-0960-8065-8557;Brandon.Stolle@hotmail.com;R-52;2022/08/27 01:54:18;2022/08/31 02:23:47
Brandon;Stolle;6398-0960-8065-8557;Brandon.Stolle@hotmail.com;R-52;2022/10/20 15:58:19;2022/10/23 01:47:04
Till;Assmus;3047-559661-6357;Till.Assmus47@gmail.com;R-52;2022/12/11 16:10:55;2022/12/21 16:59:24
Tina;Arens;6771-8916-3348-0179;Tina.Arens19@yahoo.com;R-52;2023/02/25 06:47:08;2023/03/03 20:58:24
Baris;Schultze;6706049612194969466;Baris.Schultze72@hotmail.com;R-52;2023/03/31 05:32:00;2023/04/01 11:27:10
Elisa;Dylus;6440-7085-7180-2381;Elisa39@gmail.com;R-53;2022/02/26 23:07:32;2022/03/11 23:36:59
Tabea;Mohrhard;3542-2627-4572-2988;Tabea41@hotmail.com;R-53;2022/04/30 04:49:02;2022/05/09 00:47:02
Tina;Arens;6771-8916-3348-0179;Tina.Arens19@yahoo.com;R-53;2022/06/02 19:31:01;2022/06/15 10:16:27
Brandon;Stolle;6398-0960-8065-8557;Brandon.Stolle@hotmail.com;R-53;2022/08/10 19:54:25;2022/08/22 16:27:13
Frederic;Fusenig;5146-5983-8081-7319;Frederic1@gmail.com;R-53;2022/10/15 22:11:06;2022/10/29 08:07:16
Tina;Arens;6771-8916-3348-0179;Tina.Arens19@yahoo.com;R-54;2022/02/17 01:44:19;2022/02/19 17:34:54
Adriano;Sielemann;6709100501381957;Adriano11@gmail.com;R-54;2022/03/31 10:47:01;2022/04/11 05:07:04
Dylan;Wickert;6304815656254746;Dylan91@hotmail.com;R-54;2022/06/27 01:12:53;2022/07/01 08:08:39
Nila;Abraham;3570-6148-2985-1460;Nila.Abraham@hotmail.com;R-54;2022/08/21 07:14:18;2022/09/03 18:39:07
Karlotta;Kleinsteuber;630435784152516397;Karlotta_Kleinsteuber@gmail.com;R-54;2022/10/27 11:21:48;2022/11/04 03:49:07
Brandon;Stolle;6398-0960-8065-8557;Brandon.Stolle@hotmail.com;R-54;2022/12/29 01:54:36;2023/01/10 17:13:44
Baris;Schultze;6706049612194969466;Baris.Schultze72@hotmail.com;R-54;2023/02/03 01:20:53;2023/02/13 05:22:47
Romeo;Hanenberger;6011-8357-0155-4845;Romeo94@hotmail.com;R-54;2023/04/24 17:25:37;2023/05/07 05:07:57
Hannah;Zahn;6377-4815-5593-7188;Hannah_Zahn5@hotmail.com;R-55;2022/02/06 09:52:29;2022/02/16 10:33:58
Klemens;Wiechmann;3528-5342-6338-1126;Klemens_Wiechmann23@gmail.com;R-55;2022/04/25 05:25:02;2022/05/02 01:25:55
Adriano;Sielemann;6709100501381957;Adriano11@gmail.com;R-55;2022/06/06 01:43:11;2022/06/14 20:48:40
Ryan;Schulte;6381-3329-9827-4644;Ryan_Schulte2@hotmail.com;R-55;2022/08/12 08:05:38;2022/08/17 23:53:38
Yusuf;Niedermeier;4002-1328-7654-1690;Yusuf_Niedermeier@yahoo.com;R-55;2022/10/17 05:52:04;2022/10/22 10:45:37
Emil;Bräutigam;3606-443840-1998;Emil85@hotmail.com;R-56;2022/02/07 10:36:27;2022/02/17 12:33:26
Sally;Deckert;6370-8446-0428-7581;Sally.Deckert13@hotmail.com;R-56;2022/04/07 01:11:48;2022/04/17 19:35:54
Hannah;Zahn;6377-4815-5593-7188;Hannah_Zahn5@hotmail.com;R-56;2022/06/27 20:09:19;2022/07/08 22:36:33
Brandon;Stolle;6398-0960-8065-8557;Brandon.Stolle@hotmail.com;R-56;2022/08/05 18:11:27;2022/08/13 18:07:48
Jolien;Hardy;4309097829940;Jolien70@hotmail.com;R-56;2022/10/14 18:52:16;2022/10/24 15:57:00
Diego;Horna;6767-0342-6036-8260;Diego_Horna@gmail.com;R-56;2022/12/28 18:32:41;2023/01/07 00:24:42
Emil;Bräutigam;3606-443840-1998;Emil85@hotmail.com;R-56;2023/02/10 17:21:49;2023/02/13 23:53:40
Matti;Filipowski;6771-8998-5137-9916;Matti.Filipowski@gmail.com;R-56;2023/04/10 18:42:46;2023/04/17 03:06:30
Hannah;Zahn;6377-4815-5593-7188;Hannah_Zahn5@hotmail.com;R-56;2023/06/16 00:51:27;2023/06/23 00:56:01
Romeo;Hanenberger;6011-8357-0155-4845;Romeo94@hotmail.com;R-57;2022/02/14 06:12:34;2022/02/26 05:28:44
Baris;Schultze;6706049612194969466;Baris.Schultze72@hotmail.com;R-57;2022/04/22 07:52:15;2022/05/04 02:29:17
Michael;Brehmer;3546-4457-8415-6061;Michael1@gmail.com;R-57;2022/06/23 16:08:29;2022/06/30 14:10:21
Ryan;Schulte;6381-3329-9827-4644;Ryan_Schulte2@hotmail.com;R-57;2022/08/30 08:30:26;2022/09/05 01:08:46
Finley;Frantz;6394-0979-2709-5213;Finley.Frantz82@gmail.com;R-57;2022/10/29 05:08:06;2022/11/11 00:36:20
Yusuf;Niedermeier;4002-1328-7654-1690;Yusuf_Niedermeier@yahoo.com;R-57;2022/12/09 04:23:32;2022/12/13 00:21:23
Fatima;Huneke;4471386842131;Fatima.Huneke@hotmail.com;R-58;2022/02/15 14:37:50;2022/02/23 03:16:17
Fatima;Huneke;4471386842131;Fatima.Huneke@hotmail.com;R-58;2022/04/14 13:36:15;2022/04/22 06:41:01
Dylan;Wickert;6304815656254746;Dylan91@hotmail.com;R-58;2022/06/05 01:21:51;2022/06/12 02:14:05
Ryan;Schulte;6381-3329-9827-4644;Ryan_Schulte2@hotmail.com;R-58;2022/08/20 02:30:36;2022/08/26 09:50:29
Ryan;Schulte;6381-3329-9827-4644;Ryan_Schulte2@hotmail.com;R-58;2022/10/05 09:11:05;2022/10/17 12:53:09
Baris;Schultze;6706049612194969466;Baris.Schultze72@hotmail.com;R-58;2022/12/21 14:22:30;2023/01/01 02:14:30
Dylan;Wickert;6304815656254746;Dylan91@hotmail.com;R-58;2023/02/23 03:29:31;2023/03/07 17:57:59
Emil;Bräutigam;3606-443840-1998;Emil85@hotmail.com;R-59;2022/02/19 14:05:16;2022/02/24 02:55:55
Sally;Deckert;6370-8446-0428-7581;Sally.Deckert13@hotmail.com;R-59;2022/04/17 01:07:20;2022/04/20 08:28:15
Ryan;Schulte;6381-3329-9827-4644;Ryan_Schulte2@hotmail.com;R-59;2022/06/26 11:14:22;2022/07/04 20:26:23
Hannah;Zahn;6377-4815-5593-7188;Hannah_Zahn5@hotmail.com;R-59;2022/08/02 08:02:22;2022/08/09 08:41:36
Romeo;Hanenberger;6011-8357-0155-4845;Romeo94@hotmail.com;R-59;2022/10/15 07:27:44;2022/10/16 19:26:47
Dylan;Wickert;6304815656254746;Dylan91@hotmail.com;R-59;2022/12/24 15:55:29;2022/12/26 01:21:36
Emil;Bräutigam;3606-443840-1998;Emil85@hotmail.com;R-59;2023/02/12 14:39:28;2023/02/18 06:13:08
Romeo;Hanenberger;6011-8357-0155-4845;Romeo94@hotmail.com;R-59;2023/04/25 10:21:29;2023/05/03 09:38:26
Ryan;Schulte;6381-3329-9827-4644;Ryan_Schulte2@hotmail.com;R-59;2023/06/13 23:08:00;2023/06/22 20:46:39
Sven;Reumann;6507-6287-6496-9086-7700;Sven_Reumann25@yahoo.com;R-47;2024/01/26 23:44:57;
Brandon;Stolle;6398-0960-8065-8557;Brandon.Stolle@hotmail.com;R-56;2024/01/30 16:12:28;
Brandon;Stolle;6398-0960-8065-8557;Brandon.Stolle@hotmail.com;R-44;2024/01/27 11:29:58;
Ryan;Schulte;6381-3329-9827-4644;Ryan_Schulte2@hotmail.com;R-48;2024/01/27 05:43:52;
Jolien;Hardy;4309097829940;Jolien70@hotmail.com;R-43;2024/01/27 22:34:39;
Hannah;Zahn;6377-4815-5593-7188;Hannah_Zahn5@hotmail.com;R-46;2024/01/30 02:33:49;
Yusuf;Niedermeier;4002-1328-7654-1690;Yusuf_Niedermeier@yahoo.com;R-50;2024/01/30 04:23:08;
Jano;Gerson;6771-8932-0351-8305;Jano.Gerson16@yahoo.com;R-42;2024/01/30 01:28:49;
Rosa;Thriene;4477-6824-7407-7543;Rosa.Thriene@hotmail.com;R-45;2024/01/28 12:20:34;
Dylan;Wickert;6304815656254746;Dylan91@hotmail.com;R-49;2024/01/26 19:56:58;
Angelique;Zimmer;5157-9430-4291-8442;Angelique_Zimmer@yahoo.com;R-54;2024/01/26 17:55:46;
Baris;Schultze;6706049612194969466;Baris.Schultze72@hotmail.com;R-59;2024/01/26 09:42:50;
Rosa;Thriene;4477-6824-7407-7543;Rosa.Thriene@hotmail.com;R-58;2024/01/26 23:43:50;
Till;Assmus;3047-559661-6357;Till.Assmus47@gmail.com;R-52;2024/01/29 06:40:01;
Matti;Loy;630420548103670521;Matti_Loy95@yahoo.com;R-51;2024/01/27 05:35:19;
Johnny;Frosch;6574-6285-4322-6882-8853;Johnny87@yahoo.com;R-40;2024/01/27 17:55:54;